{"cameraMode":{"drawMode":0,"name":"Shaded","section":"Shading Mode"},"sceneLighting":true,"audioPlay":false,"sceneViewState":{"m_AlwaysRefresh":false,"showFog":true,"showSkybox":true,"showFlares":true,"showImageEffects":true,"showParticleSystems":true,"showVisualEffectGraphs":true,"m_FxEnabled":true},"in2DMode":false,"pivot":{"x":0.15713481605052949,"y":1.760380744934082,"z":0.11264900863170624},"rotation":{"x":-0.15624825656414033,"y":-0.016296781599521638,"z":0.0025972744915634395,"w":-0.9876071214675903},"size":58.35150146484375,"orthographic":false}